TIME, CONTENT
2023-07-18 01:35,공기 유량 센서 대전.stk
2023-07-14 17:30,공기 유량 센서 부안.stk
2023-07-09 06:37,물 유량 센서 대전.stk
2023-07-11 20:15,공기 유량 센서 부안.stk
2023-07-05 00:51,공기 유량 센서 대전.stk
2023-07-14 02:35,물 유량 센서 부안.stk
2023-07-28 19:25,물 유량 센서 부안.stk
2023-07-22 03:36,공기 유량 센서 부안.stk
2023-07-03 19:28,물 유량 센서 부안.stk
2023-07-01 23:09,물 유량 센서 부안.stk
2023-07-19 19:22,물 유량 센서 부안.stk
2023-07-11 02:01,공기 유량 센서 부안.stk
2023-07-22 09:22,물 유량 센서 대전.stk
2023-07-23 11:54,물 유량 센서 부안.stk
2023-07-30 00:00,공기 유량 센서 대전.stk
2023-07-28 19:05,물 유량 센서 대전.stk
2023-07-13 16:30,물 유량 센서 부안.stk
2023-07-02 23:48,물 유량 센서 대전.stk
2023-07-13 04:31,물 유량 센서 부안.stk
2023-07-08 13:13,물 유량 센서 부안.stk
2023-07-18 01:35,공기 유량 센서 대전.stk
2023-07-14 17:30,공기 유량 센서 부안.stk
2023-07-09 06:37,물 유량 센서 대전.stk
2023-07-11 20:15,공기 유량 센서 부안.stk
2023-07-05 00:51,공기 유량 센서 대전.stk
2023-07-14 02:35,물 유량 센서 부안.stk
2023-07-28 19:25,물 유량 센서 부안.stk
2023-07-22 03:36,공기 유량 센서 부안.stk
2023-07-03 19:28,물 유량 센서 부안.stk
2023-07-01 23:09,물 유량 센서 부안.stk
2023-07-19 19:22,물 유량 센서 부안.stk
2023-07-11 02:01,공기 유량 센서 부안.stk
2023-07-22 09:22,물 유량 센서 대전.stk
2023-07-23 11:54,물 유량 센서 부안.stk
2023-07-30 00:00,공기 유량 센서 대전.stk
2023-07-28 19:05,물 유량 센서 대전.stk
2023-07-13 16:30,물 유량 센서 부안.stk
2023-07-02 23:48,물 유량 센서 대전.stk
2023-07-13 04:31,물 유량 센서 부안.stk
2023-07-08 13:13,물 유량 센서 부안.stk
2023-07-18 01:35,공기 유량 센서 대전.stk
2023-07-14 17:30,공기 유량 센서 부안.stk
2023-07-09 06:37,물 유량 센서 대전.stk
2023-07-11 20:15,공기 유량 센서 부안.stk
2023-07-05 00:51,공기 유량 센서 대전.stk
2023-07-14 02:35,물 유량 센서 부안.stk
2023-07-28 19:25,물 유량 센서 부안.stk
2023-07-22 03:36,공기 유량 센서 부안.stk
2023-07-03 19:28,물 유량 센서 부안.stk
2023-07-01 23:09,물 유량 센서 부안.stk
2023-07-19 19:22,물 유량 센서 부안.stk
2023-07-11 02:01,공기 유량 센서 부안.stk
2023-07-22 09:22,물 유량 센서 대전.stk
2023-07-23 11:54,물 유량 센서 부안.stk
2023-07-30 00:00,공기 유량 센서 대전.stk
2023-07-28 19:05,물 유량 센서 대전.stk
2023-07-13 16:30,물 유량 센서 부안.stk
2023-07-02 23:48,물 유량 센서 대전.stk
2023-07-13 04:31,물 유량 센서 부안.stk
2023-07-08 13:13,물 유량 센서 부안.stk
2023-07-18 01:35,공기 유량 센서 대전.stk
2023-07-14 17:30,공기 유량 센서 부안.stk
2023-07-09 06:37,물 유량 센서 대전.stk
2023-07-11 20:15,공기 유량 센서 부안.stk
2023-07-05 00:51,공기 유량 센서 대전.stk
2023-07-14 02:35,물 유량 센서 부안.stk
2023-07-28 19:25,물 유량 센서 부안.stk
2023-07-22 03:36,공기 유량 센서 부안.stk
2023-07-03 19:28,물 유량 센서 부안.stk
2023-07-01 23:09,물 유량 센서 부안.stk
2023-07-19 19:22,물 유량 센서 부안.stk
2023-07-11 02:01,공기 유량 센서 부안.stk
2023-07-22 09:22,물 유량 센서 대전.stk
2023-07-23 11:54,물 유량 센서 부안.stk
2023-07-30 00:00,공기 유량 센서 대전.stk
2023-07-28 19:05,물 유량 센서 대전.stk
2023-07-13 16:30,물 유량 센서 부안.stk
2023-07-02 23:48,물 유량 센서 대전.stk
2023-07-13 04:31,물 유량 센서 부안.stk
2023-07-08 13:13,물 유량 센서 부안.stk
2023-07-18 01:35,공기 유량 센서 대전.stk
2023-07-14 17:30,공기 유량 센서 부안.stk
2023-07-09 06:37,물 유량 센서 대전.stk
2023-07-11 20:15,공기 유량 센서 부안.stk
2023-07-05 00:51,공기 유량 센서 대전.stk
2023-07-14 02:35,물 유량 센서 부안.stk
2023-07-28 19:25,물 유량 센서 부안.stk
2023-07-22 03:36,공기 유량 센서 부안.stk
2023-07-03 19:28,물 유량 센서 부안.stk
2023-07-01 23:09,물 유량 센서 부안.stk
2023-07-19 19:22,물 유량 센서 부안.stk
2023-07-11 02:01,공기 유량 센서 부안.stk
2023-07-22 09:22,물 유량 센서 대전.stk
2023-07-23 11:54,물 유량 센서 부안.stk
2023-07-30 00:00,공기 유량 센서 대전.stk
2023-07-28 19:05,물 유량 센서 대전.stk
2023-07-13 16:30,물 유량 센서 부안.stk
2023-07-02 23:48,물 유량 센서 대전.stk
2023-07-13 04:31,물 유량 센서 부안.stk
2023-07-08 13:13,물 유량 센서 부안.stk